id,population,centroid.size_femur,centroid.size_tibia,centroid.size_pretarsus,centroid.size_claw
DBAY_140_ast,DBAY,9.097677073,8.86218135,5.199354751,3.75991704
DBAY_D100,DBAY,8.826566202,8.650613138,4.84438289,3.738516659
DBAY_D103,DBAY,8.83248794,9.02713513,5.38851494,3.713945488
DBAY_D109.1,DBAY,8.948626954,8.648793001,5.176325704,3.739202344
DBAY_D109.2,DBAY,8.650167563,8.971714414,5.457455959,3.827709617
DBAY_D110,DBAY,9.21537608,8.997919743,5.502509268,3.948248564
DBAY_D111,DBAY,9.414071505,8.928913055,5.442090986,4.102947724
DBAY_D114,DBAY,NA,8.361694537,5.01908162,3.395416793
DBAY_D117,DBAY,8.155815087,8.27790657,4.895937511,3.292671771
DBAY_D120,DBAY,9.165816866,9.39749414,5.473652422,4.152381989
DBAY_D123,DBAY,9.092150402,8.751602803,5.55463991,3.655277473
DBAY_D124,DBAY,8.488737377,8.151490375,5.132909129,3.697874155
DBAY_D125,DBAY,8.799598299,8.922110519,5.290495338,NA
DBAY_D129,DBAY,8.675889027,8.785669439,5.264947509,3.707793488
DBAY_D138,DBAY,8.53143054,8.678718273,5.219202177,NA
DBAY_D143,DBAY,8.889030448,8.054250758,5.200273339,3.362250251
DBAY_D146,DBAY,9.269221309,8.838551962,5.608409203,3.95988782
DBAY_D147,DBAY,8.692761423,9.106399891,5.291989865,3.965131081
DBAY_D151,DBAY,8.814221899,8.774612761,5.171397936,3.73866167
DBAY_D154,DBAY,8.783242451,8.762090104,5.356247193,3.755057754
DBAY_D155,DBAY,NA,8.72418695,5.348853184,3.781210796
DBAY_D17,DBAY,8.985808093,8.969130407,5.516316041,4.094918059
DBAY_D2,DBAY,8.510720943,8.685541727,5.405050689,3.905483685
DBAY_D306,DBAY,8.066367195,8.147477559,4.972695011,3.37047254
DBAY_D310,DBAY,8.307803959,8.542441109,4.760459728,NA
DBAY_D311,DBAY,8.823957576,8.878190203,5.214771101,3.696265914
DBAY_D315,DBAY,8.923824838,8.739613078,5.408999802,3.71929768
DBAY_D316,DBAY,9.362207491,9.355477286,5.563657096,3.993679312
DBAY_D317,DBAY,8.661352719,8.686828121,5.127446845,3.548599411
DBAY_D320,DBAY,8.552076993,8.787402165,5.341636518,3.742453923
DBAY_D324,DBAY,8.83365212,8.661657347,5.174517994,3.598433272
DBAY_D325,DBAY,8.92632526,9.047253094,5.518167436,3.895236176
DBAY_D328,DBAY,8.213837659,8.315685728,5.114776369,3.678095395
DBAY_D332,DBAY,8.779768686,8.870480298,5.263673489,3.83734895
DBAY_D335,DBAY,8.389720745,8.619895185,5.213067322,3.628766368
DBAY_D337,DBAY,9.096372341,9.471759801,5.860792408,4.00073282
DBAY_D339,DBAY,9.061976304,8.93685264,5.487069895,3.94525727
DBAY_D344_w,DBAY,8.520841212,8.578709186,5.218529208,3.603807545
DBAY_D345,DBAY,8.688879303,8.598250534,5.308668113,3.582727268
DBAY_D346,DBAY,8.748486404,8.894066423,5.312254231,3.909183497
DBAY_D59,DBAY,9.110648601,8.654805344,5.262382003,3.900275494
DBAY_D78,DBAY,8.312877981,8.290646882,4.831885746,3.503273668
DBAY_D88,DBAY,8.569261032,8.735973513,5.258509458,3.73534698
DBAY_D9,DBAY,8.953420305,8.990404193,5.123713659,3.612809026
DBAY_D93,DBAY,9.182946648,9.213052908,5.459353372,3.929124872
DBAY_D95,DBAY,8.598221453,8.571001131,5.053385064,3.547497407
DBAY_D98,DBAY,8.884308723,8.880846509,5.407632661,3.809739416
DBAY_T403,DBAY,7.8924633,7.687609297,4.664721668,3.227633141
DBAY_T416,DBAY,8.939309232,8.973534412,5.254152168,3.878682458
DBAY_T421,DBAY,9.281952399,9.110074571,5.582027189,4.038491929
DBAY_T427,DBAY,8.624711203,8.877776522,5.438223661,3.719449977
DBAY_T429,DBAY,9.298177647,9.361027964,5.48186652,3.837481981
DBAY_T430,DBAY,8.613429636,8.830417331,5.292093889,3.773201869
DBAY_T435,DBAY,8.968728062,8.958092249,5.463302455,4.135283809
DBAY_T437,DBAY,8.950498724,8.805625419,5.381924396,3.971141332
DBAY_T451,DBAY,8.213534885,8.282948222,4.689017517,3.37580818
DBAY_T462,DBAY,8.611946964,9.032527714,5.212308822,3.589498831
DBAY_T463,DBAY,8.853710364,9.225152937,5.400467963,3.842633995
DBAY_T469,DBAY,8.878028827,8.756102645,5.381215463,4.000140776
DBAY_T470,DBAY,9.336418436,9.557812211,5.662484246,4.122612932
DBAY_T479,DBAY,8.212204706,8.305039917,4.659269462,3.353188004
DBAY_T493,DBAY,9.066985079,9.316924885,5.548195701,3.894187479
DBAY_T501,DBAY,NA,7.883100942,4.990766236,3.173010513
DBAY_T502,DBAY,8.621999615,8.533834687,5.436676784,3.57869374
DBAY_T503,DBAY,8.67097541,8.678644289,5.180261326,3.861188859
DBAY_T513,DBAY,8.663726024,8.583641455,5.292146969,3.644301276
DBAY_T517,DBAY,8.543814716,9.049535555,5.329994239,3.590735598
DBAY_T523,DBAY,9.141792957,8.999768399,5.579652937,3.965393724
DBAY_T525,DBAY,8.286544344,8.132420228,4.953466852,3.279957554
DBAY_T529,DBAY,8.084626217,7.794766186,4.720082352,3.160897589
DBAY_T532,DBAY,8.289805498,8.317862253,4.581490649,3.101845063
DBAY_T536,DBAY,8.624816071,8.723087563,5.425118259,3.923617933
DBAY_T537,DBAY,8.793287877,8.682933571,5.312177381,3.899472871
DBAY_T538,DBAY,8.593105949,8.485800138,5.201225198,3.514331735
DBAY_T539,DBAY,8.335874152,8.489646176,5.025833245,3.233054852
DBAY_T543,DBAY,8.909797076,8.937512702,5.386110263,3.824865973
DBAY_T544,DBAY,8.622024766,8.513755731,5.091403073,3.640941695
DBAY_T549,DBAY,7.877299612,8.066002292,4.878777561,3.645595025
DBAY_T560,DBAY,8.132328369,8.504723434,5.036477225,3.572788273
DBAY_T561,DBAY,8.542319736,8.517226133,5.192826512,3.626502432
DBAY_T564,DBAY,8.445831056,8.444119998,4.909943746,3.515477503
DBAY_T565,DBAY,8.589975441,8.812380603,5.187550748,3.680374145
DBAY_T566,DBAY,9.399666637,9.24399526,5.420735491,4.123037092
DBAY_T567_w,DBAY,8.15273831,8.733970104,5.030712151,3.657974789
DBAY_T571,DBAY,8.460073191,8.411589042,5.093743254,3.443108159
DBAY_T573,DBAY,9.129950738,9.043034379,5.29964422,3.993927035
DBAY_T600,DBAY,8.587616397,8.956412191,5.48190514,4.060934903
DBAY_T601,DBAY,8.846690934,9.40715654,5.266401416,3.953580852
DBAY_T605,DBAY,8.994233948,9.159201318,5.488191705,3.966336039
DBAY_T608,DBAY,8.844866081,8.64464573,5.099486658,3.611913466
DBAY_T609,DBAY,8.614623912,8.777836025,5.436526505,3.868650719
DBAY_T615_l,DBAY,8.508684089,8.76652206,5.274857495,3.497885692
DBAY_T617,DBAY,8.941932926,8.744329403,5.326292273,3.811362849
DBAY_T618,DBAY,9.150253892,9.274155809,5.524926135,3.987686678
DBAY_T619,DBAY,9.089221833,8.908772787,5.1948085,3.602454445
DBAY_T624,DBAY,9.004902748,9.428945744,5.655358808,4.010806901
DBAY_T626,DBAY,8.811757629,8.823744568,5.322042102,3.867790754
DBAY_T633,DBAY,8.45684343,8.275760148,5.004104428,3.398380891
EBAY_#1,EBAY,8.555021201,8.416840633,5.168903948,3.545112784
EBAY_#10,EBAY,NA,8.511028741,4.900838969,3.323759574
EBAY_#11,EBAY,8.040538602,8.003634953,4.586658822,3.183688598
EBAY_#12,EBAY,8.269116844,8.036200349,4.934821925,3.373006829
EBAY_#13,EBAY,8.299923818,8.258046921,4.991883837,3.552142252
EBAY_#14,EBAY,7.824480497,7.763256221,4.508196454,3.066195147
EBAY_#15,EBAY,8.316414764,8.50093796,4.821384202,3.326999303
EBAY_#16,EBAY,8.027159468,8.117169588,4.908592889,3.239381001
EBAY_#2,EBAY,8.03094494,7.822149276,4.631434633,3.118948081
EBAY_#3,EBAY,8.614004733,8.502630504,4.997449099,3.489866743
EBAY_#4,EBAY,8.382131863,8.155322133,5.012653817,3.411847609
EBAY_#5,EBAY,8.190947345,8.273553519,4.675563048,3.16695107
EBAY_#6,EBAY,8.040169312,8.329728008,4.781324311,3.316564721
EBAY_#7,EBAY,8.405863896,8.305221254,5.056522794,3.360015059
EBAY_#8,EBAY,8.359787632,8.438581401,4.915706493,3.420139075
EBAY_#9,EBAY,8.183097549,8.054375653,NA,NA
EBAY_107.2,EBAY,8.454552165,8.428899453,4.772103298,3.359351448
EBAY_107.3,EBAY,8.609985999,8.585838993,4.803067953,NA
EBAY_107.4,EBAY,8.803137702,8.531848803,4.981627822,3.438839735
EBAY_107.5,EBAY,8.628855758,8.664952333,4.898310683,3.34242225
EBAY_107.6,EBAY,8.224089373,8.471591916,4.67116461,3.09577695
EBAY_E1,EBAY,8.503018282,8.345189449,4.800016105,3.409991436
EBAY_E10,EBAY,8.490934846,8.054742089,5.008751462,3.203750586
EBAY_E106,EBAY,8.231842753,8.553156135,4.946287574,3.338082299
EBAY_E119,EBAY,8.108573189,8.062403233,4.823475354,3.36032718
EBAY_E120,EBAY,7.815176228,7.891882022,4.712274488,3.283141312
EBAY_E13,EBAY,8.093393896,8.18861344,4.807003498,3.427884956
EBAY_E132,EBAY,8.187309233,8.44516231,5.037704941,3.527096318
EBAY_E16,EBAY,8.367430997,8.700315081,4.999297887,3.501504531
EBAY_E17,EBAY,8.453653561,8.721170348,5.101243097,3.610357672
EBAY_E20,EBAY,8.258805527,8.225969147,NA,NA
EBAY_E200,EBAY,8.726330346,8.681350852,5.176915264,3.626233546
EBAY_E201,EBAY,8.37508144,8.334784054,NA,NA
EBAY_E202,EBAY,8.901099862,8.797469947,5.156968143,3.349895161
EBAY_E203,EBAY,8.321437259,8.488138655,4.866476158,3.462974062
EBAY_E204,EBAY,7.678727634,7.756612737,4.647804324,3.106871657
EBAY_E21,EBAY,7.89662237,7.76992839,4.292107753,2.979827239
EBAY_E222,EBAY,8.089952594,8.138824847,5.166803487,3.281754647
EBAY_E227,EBAY,7.338928949,7.523092255,4.355533289,2.964781504
EBAY_E23,EBAY,7.809989132,7.942233497,4.707388831,3.258071277
EBAY_E25,EBAY,8.128547436,8.035424041,4.820463641,3.585275542
EBAY_E27,EBAY,8.085741976,8.297212817,4.607693169,3.234079187
EBAY_E28,EBAY,8.337830306,8.49560246,4.941714491,NA
EBAY_E29,EBAY,7.563070945,7.778729682,4.505174397,3.115502168
EBAY_E298,EBAY,8.338114406,8.198177164,5.138573114,3.525538994
EBAY_E31,EBAY,NA,8.436198044,4.895500762,3.414428488
EBAY_E32,EBAY,8.129192199,8.327917572,4.983199805,3.562697977
EBAY_E33,EBAY,8.24732975,8.200873381,4.830878367,3.306978036
EBAY_E34,EBAY,8.079617602,8.450637645,4.968712711,3.628858984
EBAY_E35,EBAY,8.485290975,8.469408473,5.03746601,3.594801342
EBAY_E38,EBAY,NA,8.018136496,4.543307077,3.094942359
EBAY_E39,EBAY,8.715894095,8.649952863,5.024491376,3.516315432
EBAY_E4,EBAY,8.503539361,8.434437088,4.946467775,3.439496424
EBAY_E40,EBAY,8.675095771,8.604152579,5.040917853,3.804898326
EBAY_E41,EBAY,8.041468783,8.17440253,5.013909582,3.208667567
EBAY_E43,EBAY,8.654022951,8.654597045,5.225977804,3.789887455
EBAY_E45,EBAY,8.362650779,8.251334362,4.844300954,3.395018225
EBAY_E46,EBAY,8.354983367,8.151230209,5.2947239,3.36589386
EBAY_E47,EBAY,8.483126114,8.62991962,5.091833527,3.569091868
EBAY_E49,EBAY,8.056504185,8.16027284,4.895053516,3.403957548
EBAY_E5,EBAY,8.458329431,8.823158039,4.978055598,3.490742324
EBAY_E51,EBAY,8.033607849,8.309829222,4.633223765,3.232109583
EBAY_E52,EBAY,8.240833263,8.365080646,4.468502303,2.967232764
EBAY_E53,EBAY,8.608651458,8.399518738,4.89224856,3.202920999
EBAY_E540,EBAY,8.134966677,7.960556599,4.778428209,3.41013865
EBAY_E58,EBAY,8.192980912,8.234973239,4.709811456,3.334491619
EBAY_E6,EBAY,8.412214359,8.147101323,4.883975509,3.358545474
EBAY_E61,EBAY,8.054645224,7.863494558,4.519169024,3.014356456
EBAY_E63,EBAY,NA,8.646644665,NA,NA
EBAY_E67,EBAY,8.353328301,8.049592452,4.847449738,3.477714613
EBAY_E68,EBAY,7.591591921,7.619832202,NA,NA
EBAY_E70,EBAY,8.155580797,8.117031445,4.848222501,3.21777456
EBAY_E71,EBAY,8.655818897,8.41823258,4.951910833,3.388245755
EBAY_E72.1,EBAY,8.101276265,8.144977138,4.571142795,3.283382943
EBAY_E72.2,EBAY,7.939459604,8.46453997,4.703276517,3.407463025
EBAY_E74,EBAY,8.437792725,8.75226577,5.136500365,3.498800623
EBAY_E75,EBAY,8.065028388,7.896549415,4.840161254,3.344177354
EBAY_E77,EBAY,8.163587887,8.051508604,4.609609938,2.990848909
EBAY_E78,EBAY,8.5579203,8.668824158,5.076797597,3.764813717
EBAY_E8,EBAY,8.046443887,8.072261807,4.489163364,3.202503413
EBAY_E82,EBAY,8.62457497,8.521470104,4.983706966,3.370406139
EBAY_E84,EBAY,8.00398597,8.111648689,5.008619314,3.292662982
EBAY_E85,EBAY,8.402841527,8.363861626,4.835485411,3.411042275
EBAY_E87,EBAY,8.263940218,8.315201278,4.75380069,3.279911438
EBAY_E88,EBAY,8.725172145,8.689726762,5.161066412,3.766273743
EBAY_E89,EBAY,7.523196118,8.010489471,4.743343796,3.411478785
EBAY_E91,EBAY,8.076785979,7.893770662,4.618472358,3.006609135
EBAY_E92,EBAY,7.479083366,7.58645169,4.265785215,2.915118229
EBAY_E95,EBAY,8.340690396,8.21252186,4.970727237,3.127942512
EBAY_E96,EBAY,8.11257847,8.033245685,4.692017712,3.465768493
EBAY_E97,EBAY,8.268921743,8.338833013,4.89118845,3.652301163
HLGT_257,HLGT,8.066150733,8.58358841,4.801229972,3.130297316
HLGT_A102,HLGT,8.698009032,9.15144237,4.905474752,3.42921028
HLGT_A111,HLGT,8.278393902,8.780587423,4.309784341,3.139759457
HLGT_A200,HLGT,8.2830822,8.753856782,5.118989727,3.241276188
HLGT_A203,HLGT,8.566485362,8.98911308,4.940791775,3.334680351
HLGT_A204,HLGT,8.741845032,9.09950084,4.789139436,3.319624102
HLGT_A205,HLGT,8.592177061,9.152742245,4.96502804,3.432773937
HLGT_A205,HLGT,8.253448301,NA,NA,NA
HLGT_A219,HLGT,7.893167141,8.369366221,4.550940254,2.953659429
HLGT_A222,HLGT,8.340404302,9.105151501,4.932533597,3.395118354
HLGT_A223,HLGT,8.862003703,9.022636088,5.122733939,3.19372719
HLGT_A224,HLGT,8.177488898,8.469683057,4.754381613,3.510127387
HLGT_A225,HLGT,8.558106062,9.128365971,5.039786268,3.305849297
HLGT_A227,HLGT,8.174990245,8.806313238,4.719318314,3.213427049
HLGT_A228,HLGT,8.687787351,8.702772822,4.770351747,3.169251565
HLGT_A232,HLGT,8.368251116,NA,NA,NA
HLGT_A232,HLGT,NA,9.328412979,5.225265929,3.551202056
HLGT_A238,HLGT,8.363566359,8.684672755,4.957019847,3.289504393
HLGT_A240,HLGT,8.047699721,8.29248244,4.590111013,3.00430483
HLGT_A243,HLGT,8.247044581,8.470288733,4.71283695,3.000092865
HLGT_A247,HLGT,8.362037671,NA,NA,NA
HLGT_A247,HLGT,NA,8.743260793,4.933326613,3.180836688
HLGT_A254,HLGT,8.226874376,8.844670156,5.002429586,3.143980805
HLGT_A255,HLGT,8.637503843,9.125469067,5.193832633,3.721669399
HLGT_A256,HLGT,8.57855522,8.541638893,4.7923498,3.127966568
HLGT_A258,HLGT,7.717728737,8.368093875,4.571460177,2.94369312
HLGT_A260,HLGT,8.230024193,8.527972976,4.699658076,2.987254845
HLGT_A260,HLGT,7.902567149,NA,NA,NA
HLGT_A260,HLGT,NA,8.555342605,4.69997384,3.093739004
HLGT_A264,HLGT,8.949822288,9.120063362,5.21080408,3.497955188
HLGT_A267,HLGT,8.405639238,8.861194275,4.927203085,NA
HLGT_A303,HLGT,8.314947765,8.486573304,4.907877853,3.347105553
HLGT_A305,HLGT,7.983896122,8.862773874,4.575264347,3.260591866
HLGT_A311,HLGT,7.869351569,8.511416046,4.679813391,3.165655392
HLGT_A313,HLGT,8.23642389,8.615564263,4.7257811,3.343419196
HLGT_A315,HLGT,9.250586083,9.629533114,5.356822714,3.603813969
HLGT_A317,HLGT,8.214287878,9.048393181,4.912725246,3.495188478
HLGT_A324,HLGT,7.629120301,7.967469729,4.365954388,3.012507826
HLGT_A325,HLGT,7.549734093,NA,NA,NA
HLGT_A325,HLGT,NA,8.379841259,4.595098805,3.1091862
HLGT_A326,HLGT,8.638204959,9.24027775,5.13276835,3.543993583
HLGT_A334,HLGT,8.33034392,NA,NA,NA
HLGT_A334,HLGT,NA,8.718788295,4.855271544,3.190354548
HLGT_A346,HLGT,7.565901233,8.649967049,4.416543055,3.203229153
HLGT_A364,HLGT,8.374989063,8.996658188,4.814147896,3.415393682
HLGT_A366,HLGT,8.149222161,8.991505184,4.758847141,3.300048277
HLGT_A367,HLGT,8.605979557,9.185993366,5.253791517,3.309483413
HLGT_A5,HLGT,8.308119786,8.662402702,4.902205344,3.335162606
HLGT_A76,HLGT,7.039145196,7.394623515,4.02778419,2.617365496
HLGT_A77,HLGT,8.975007953,9.334641536,5.14924293,3.519299517
HLGT_A78,HLGT,8.218260747,9.07220605,5.092554558,3.349373553
HLGT_A87,HLGT,9.019535303,9.362975338,5.011816842,3.440392002
HLGT_A90,HLGT,8.69091233,9.211748935,4.828254308,3.471272018
HLGT_HGPLOT1,HLGT,8.880520245,9.054417952,5.005525664,3.443417566
HLGT_J10,HLGT,7.445570703,7.648666699,4.174978433,2.799948116
HLGT_J25,HLGT,8.706641922,9.067178115,5.172992065,3.516810962
HLGT_J26,HLGT,8.319185974,8.579342291,4.830995621,3.265604757
HLGT_J27,HLGT,8.253339119,9.208430284,5.154281267,3.412243307
HLGT_J8,HLGT,8.117338009,9.129654635,4.819306501,3.265903334
HLGT_M1,HLGT,8.335173252,8.76067743,4.871918982,3.151030675
HLGT_T13,HLGT,8.493885301,8.691260407,4.912736766,3.412108737
HLGT_T34,HLGT,8.413667059,9.161142061,5.295057229,3.288949158
HLGT_T4,HLGT,9.226361586,9.37501057,5.060488656,3.422746169
HLGT_T44,HLGT,7.853739559,8.430833657,4.742196859,2.973287313
HLGT_T49,HLGT,8.011999502,8.343325853,4.626888947,3.201469577
HLGT_T51,HLGT,8.33091395,8.978230187,4.731312052,3.028774808
HLGT_T54,HLGT,8.554074645,9.04513656,5.184386136,3.585653931
HLGT_T8,HLGT,8.332898913,8.820866607,4.959964565,3.447965035
HLGT_T9,HLGT,8.497486516,8.900514833,4.902228275,3.390781668
KLS1_A512_l,KLS1,7.277161332,7.645862456,4.372183404,2.789711115
KLS1_A516,KLS1,7.593243087,8.70485491,4.932018932,NA
KLS1_A518,KLS1,7.194665823,7.673467361,4.17737877,2.961459405
KLS1_A525,KLS1,7.783963337,8.467684635,4.970862048,3.425204718
KLS1_A529,KLS1,7.355724351,8.363089711,4.492020044,3.17922833
KLS1_A537,KLS1,7.918769523,8.53072291,4.815121165,3.190600786
KLS1_A538,KLS1,7.67030536,8.473765052,4.882637225,3.326893064
KLS1_A542,KLS1,7.580645879,8.518129129,4.831688227,3.165648566
KLS1_A545,KLS1,7.287782083,8.090576538,4.536270309,3.165260319
KLS1_A546,KLS1,7.72178069,8.013254859,4.539530528,3.111587192
KLS1_A548,KLS1,7.811489957,8.441593305,4.84784046,3.188740826
KLS1_A605,KLS1,7.823109814,8.454864975,4.478684558,3.289491255
KLS1_A607,KLS1,8.201719325,8.804299583,4.790960149,3.508632036
KLS1_A608,KLS1,7.857503095,8.66561093,4.709548679,3.449208027
KLS1_A609,KLS1,7.94606506,8.602729803,4.778378736,3.321818402
KLS1_A610,KLS1,8.232584322,9.204406975,4.793999142,3.535506805
KLS1_A612,KLS1,7.81835589,8.342464342,4.89644998,3.325988387
KLS1_A615,KLS1,8.149859228,8.996424993,5.046984996,3.433737233
KLS1_A617,KLS1,8.347566664,9.123110609,5.02290338,3.519276163
KLS1_A620,KLS1,8.466660683,8.83641998,4.986119775,3.539937721
KLS1_A622,KLS1,8.263966599,8.893222989,5.093537557,3.783820176
KLS1_A623,KLS1,7.401055142,8.092938907,4.457130874,2.94526175
KLS1_A625,KLS1,7.739205615,8.453315053,4.531118752,3.398420858
KLS1_A626,KLS1,7.624024655,8.573062967,4.828459107,3.274142598
KLS1_A628,KLS1,7.983490137,8.594873366,4.86696805,3.343251385
KLS1_A634,KLS1,7.914390071,8.496613479,4.924757824,3.164669386
KLS1_A635,KLS1,7.77016537,8.491562362,4.787216473,3.397302851
KLS1_A636,KLS1,7.627627603,8.517731212,4.925182995,3.232322081
KLS1_A637,KLS1,7.433636647,7.732997004,4.394581177,3.013495474
KLS1_A638,KLS1,7.376799717,8.19941324,4.441388638,3.065123644
KLS1_A640,KLS1,7.598670819,8.103481807,4.549770089,3.17387734
KLS1_A642,KLS1,7.117596361,7.995531093,4.567032394,3.020543046
KLS1_A643,KLS1,8.250536299,8.767936169,5.373217673,3.477653034
KLS1_A645,KLS1,7.696013437,8.342134968,4.766895553,3.292987697
KLS1_A646,KLS1,7.952981472,8.638083055,4.87755599,3.431901219
KLS1_A647,KLS1,7.924506654,8.690736465,4.743534256,3.256054444
KLS1_A649,KLS1,8.361116115,9.030545017,5.125084309,3.412035456
KLS1_A650,KLS1,8.086333941,8.476736187,4.692806203,3.194161264
KLS1_A652,KLS1,7.533864603,8.366784209,4.686341472,2.980546611
KLS1_A653,KLS1,7.276174489,7.493443545,3.866835368,2.793482957
KLS1_A655_l,KLS1,7.878973326,8.525555681,4.722783399,3.324348344
KLS1_A657,KLS1,7.819431478,8.390955691,4.805146411,3.123167658
KLS1_A659,KLS1,7.753895954,8.490665584,4.831891869,3.280101664
KLS1_A661,KLS1,7.480084657,8.514538141,4.743563757,3.037311154
KLS1_A662,KLS1,7.849381733,8.15289407,4.516364318,3.117147491
KLS1_A663,KLS1,8.036919737,8.520544909,4.814155804,3.25414486
KLS1_A664,KLS1,7.539313383,7.850519671,4.423473698,3.099994958
KLS1_A666,KLS1,7.717931723,8.364218701,4.61590165,3.27874596
KLS1_A667,KLS1,7.707166318,8.477449143,4.636238315,3.174484671
KLS1_A668,KLS1,8.154999443,8.732379446,4.95416565,3.252484369
KLS1_A669,KLS1,7.709022178,8.867187143,4.978968618,3.167657668
KLS1_A670,KLS1,7.936563002,8.546075502,4.56795464,3.338690387
KLS1_A671,KLS1,6.897923359,7.86105671,4.487045861,2.892895613
KLS1_A673,KLS1,7.542674462,8.342103144,4.49034961,3.231450513
KLS1_A674,KLS1,7.925722656,8.268450839,4.80695983,3.360628593
KLS1_A675,KLS1,7.484525833,7.753146622,4.469372647,2.876312143
KLS1_A676,KLS1,7.072790182,7.710274567,4.217604881,2.989905274
KLS1_A678_l,KLS1,7.725096795,8.485728747,4.788964756,3.32436738
KLS1_A679,KLS1,7.50698848,7.959138617,4.335664747,2.94663653
KLS1_A680,KLS1,7.812816895,8.275109366,4.579515657,3.329964741
KLS1_A681,KLS1,7.517846471,7.957363398,4.477838085,3.044263666
KLS1_A683,KLS1,7.091946999,8.109605194,4.557115682,3.233847356
KLS1_A689,KLS1,7.436954532,8.03757065,4.228245894,2.784156865
KLS1_A692,KLS1,7.522374562,8.049188102,4.506931802,3.186601528
KLS1_A694,KLS1,7.5535469,8.495412424,4.590608254,3.048153458
KLS1_A695,KLS1,7.585196305,8.126444137,4.536577656,3.074503228
KLS1_A696,KLS1,7.105972392,7.765541022,4.349131376,3.004574664
KLS1_A698,KLS1,7.470060441,8.146899558,4.672716841,3.215075787
KLS1_A699,KLS1,NA,8.425519207,4.651581949,3.343020315
KLS1_A700,KLS1,NA,8.469188098,4.782057032,3.316787746
KLS1_A701,KLS1,7.41477447,8.069462894,4.441135581,3.238351907
KLS1_A701_2,KLS1,7.435107985,8.000429718,4.460085128,3.238740566
KLS1_A704.2,KLS1,8.114263191,8.486795501,5.017064411,3.44041892
KLS1_A705,KLS1,7.408392932,8.435344509,4.390565972,3.012458384
KLS1_A706,KLS1,7.711667056,8.4823333,4.575422617,3.051735735
KLS1_A707,KLS1,7.621221876,8.544054212,4.89947027,3.385089265
KLS1_A708,KLS1,7.870432298,8.525141816,4.842260765,3.458875741
KLS1_A709,KLS1,8.002413431,8.30008007,4.766526422,3.381369002
KLS1_A710,KLS1,7.784477229,8.439057901,4.678821817,3.202033595
KLS1_A712,KLS1,6.967536075,7.438417848,4.324044527,2.952697767
KLS1_A713,KLS1,8.26540698,8.73682824,4.669132952,3.32369967
KLS1_A714,KLS1,7.768202769,8.683088264,4.838698412,3.059744109
KLS1_A715,KLS1,7.972968603,8.625418906,4.755441332,3.34510595
KLS1_M27,KLS1,NA,8.051226372,4.486448957,3.007548299
KLS1_M16,KLS1,8.046158217,8.753744776,4.885648047,3.290833738
KLS1_M19,KLS1,8.320479712,9.417090486,5.478000743,3.489872161
KLS1_M22,KLS1,8.142590014,9.13682384,5.102065553,3.370555311
KLS1_M23,KLS1,7.969002293,9.012259951,4.944698497,3.45899689
KLS1_M26,KLS1,7.770446637,8.244316004,4.667257991,3.127163888
KLS1_M3,KLS1,8.055739174,8.726079889,5.038313122,3.335088213
KLS1_M32,KLS1,7.794444212,8.749716224,4.781534133,3.379493233
KLS1_M34,KLS1,8.067727924,8.827551249,4.95952946,3.383570928
KLS1_M39,KLS1,7.62535866,7.709218986,4.354916824,3.021451571
KLS1_M43,KLS1,7.751872388,8.60212641,5.013872949,3.183677084
KLS1_M48,KLS1,7.300879764,7.592312321,4.30522558,2.705536687
KLS1_M7,KLS1,8.418641938,8.751021007,4.988888195,3.515265328
KLS2_M136,KLS2,NA,8.667802599,4.676984951,3.129351834
KLS2_M154,KLS2,NA,8.867048543,5.039088317,3.267344555
KLS2_M181,KLS2,NA,8.318109089,4.399962759,NA
KLS2_M240,KLS2,NA,8.887072963,5.27353748,3.410729478
KLS2_M323,KLS2,NA,8.857293839,5.227124594,3.413006753
KLS2_M325,KLS2,NA,8.176709487,5.026076619,3.464865108
KLS2_M349,KLS2,NA,8.943870553,5.260984536,3.775914889
KLS2_M351_w,KLS2,NA,9.200391889,5.312538184,3.562544936
KLS2_M361,KLS2,NA,9.238281791,5.083270501,3.625923882
KLS2_M104,KLS2,8.213993435,8.414490005,4.819170066,3.124138232
KLS2_M105,KLS2,8.789904212,9.278226476,5.351234463,3.643709986
KLS2_M111,KLS2,7.993870777,8.440558096,4.705712248,3.355951629
KLS2_M114,KLS2,7.763845885,8.148699307,4.533634039,3.07994982
KLS2_M116,KLS2,7.88432103,7.993370588,4.764025022,3.117732457
KLS2_M118,KLS2,7.781059232,8.112312109,4.557477842,2.937387762
KLS2_M119,KLS2,8.27853709,8.399836354,5.205975508,3.497050518
KLS2_M122,KLS2,7.742158462,8.501132275,4.733809762,3.314397212
KLS2_M123,KLS2,8.262014488,8.535106286,5.03826329,3.580639948
KLS2_M125,KLS2,7.479377901,7.95472386,4.603818349,3.295809647
KLS2_M127,KLS2,8.26257561,8.88272761,5.159377456,3.575278877
KLS2_M128,KLS2,7.63460784,8.003705582,4.6899268,NA
KLS2_M130,KLS2,8.340985733,8.81801033,4.954014911,3.321154943
KLS2_M131,KLS2,7.306930842,7.697516483,4.810646486,3.275798942
KLS2_M132,KLS2,7.579957663,7.882762605,4.599196651,3.174901687
KLS2_M138.1,KLS2,8.20732966,8.22568821,4.830270803,3.288485471
KLS2_M138.2,KLS2,7.908352465,8.711160381,5.016717636,3.485838009
KLS2_M141,KLS2,8.065621969,8.442795435,4.874548507,3.58190175
KLS2_M144,KLS2,7.732544462,8.302175725,4.828739918,NA
KLS2_M146,KLS2,8.709936857,8.924547778,5.212563033,3.602372504
KLS2_M149,KLS2,7.826871119,8.184009264,4.782358212,3.150326226
KLS2_M150,KLS2,7.477719447,7.615242125,4.295057226,3.000399988
KLS2_M151,KLS2,7.91092675,8.120967745,4.800147671,3.256889454
KLS2_M155,KLS2,8.001338328,8.420439192,4.913017159,3.372432504
KLS2_M157,KLS2,8.138608511,8.746571844,5.019048972,3.364177384
KLS2_M158,KLS2,8.66980977,8.973862412,5.084165183,3.52150998
KLS2_M160,KLS2,7.873568915,8.274528901,4.743387073,3.437444486
KLS2_M164,KLS2,8.321014725,8.579600674,4.901593343,3.276117201
KLS2_M166,KLS2,8.071566221,8.215926758,4.818809904,3.121756534
KLS2_M169.1,KLS2,8.497694442,8.980458092,NA,NA
KLS2_M169.2,KLS2,8.452893999,8.597178848,5.040627734,3.416363912
KLS2_M169.3,KLS2,7.863349308,8.021821942,4.556351699,3.127635083
KLS2_M170,KLS2,8.09813007,NA,4.913466382,3.381186413
KLS2_M174,KLS2,8.279245767,8.53371821,4.991581128,3.481073547
KLS2_M175,KLS2,8.294520655,8.685860745,4.945815429,3.357857556
KLS2_M177,KLS2,8.372181156,9.024603933,5.092562993,3.652253409
KLS2_M180,KLS2,7.753463394,8.072453631,4.635522722,3.022162439
KLS2_M182,KLS2,8.214440826,8.843502801,NA,NA
KLS2_M193,KLS2,8.220201187,8.624549245,4.850029148,3.562488614
KLS2_M200,KLS2,8.076786744,8.359627234,4.543731879,3.172329434
KLS2_M205,KLS2,8.413862931,9.116801445,5.084927975,3.665529893
KLS2_M206,KLS2,8.250164949,9.045394179,5.174995469,3.402170678
KLS2_M209,KLS2,8.419797621,8.469688114,4.903514785,3.298871783
KLS2_M210,KLS2,8.185950423,8.708649401,5.141385429,3.769069966
KLS2_M217,KLS2,7.46883137,8.188584224,4.729785414,NA
KLS2_M222,KLS2,8.317102816,8.589614633,4.945776472,3.430303264
KLS2_M225,KLS2,8.189726811,8.578509655,4.825271915,3.335913965
KLS2_M230,KLS2,7.499432892,7.940866959,4.582643677,2.881983479
KLS2_M236,KLS2,8.167105978,8.701446968,5.022247798,3.42845213
KLS2_M243,KLS2,7.628804284,8.205425019,4.784989215,3.134316587
KLS2_M244,KLS2,7.297351957,7.769172509,4.476838435,2.974497627
KLS2_M246,KLS2,7.843224668,8.139082755,4.916324272,3.214771649
KLS2_M266,KLS2,7.98436786,8.594402811,4.915627264,3.552045571
KLS2_M269,KLS2,7.823388488,8.396140543,4.779281405,3.025781226
KLS2_M270.1,KLS2,8.435162218,9.175305894,NA,3.640820983
KLS2_M305,KLS2,7.867521954,8.712799201,4.867104837,3.287638181
KLS2_M306,KLS2,8.26970828,8.45086549,5.11005223,3.551119475
KLS2_M315,KLS2,8.112107005,8.465097787,4.85133597,3.191879689
KLS2_M316,KLS2,8.515287491,8.694166802,4.911640489,3.336353713
KLS2_M318,KLS2,9.013296582,9.561022062,5.39508313,NA
KLS2_M329,KLS2,8.238158274,8.765689024,4.909041469,3.336645959
KLS2_M330,KLS2,7.991079849,8.092048355,4.671769849,3.152843734
KLS2_M331,KLS2,8.406845224,8.417388592,4.779890391,3.325330518
KLS2_M332_l,KLS2,7.455041131,7.607230026,4.198468887,2.750184643
KLS2_M332_w,KLS2,8.07350096,8.067132729,4.774227727,3.315098106
KLS2_M333,KLS2,7.53504425,8.003345681,4.420898063,3.113629939
KLS2_M334,KLS2,8.7474112,9.098868602,5.119599406,3.439677263
KLS2_M335,KLS2,7.999581927,8.28037645,4.808383163,3.337430976
KLS2_M338_l,KLS2,8.000917747,8.434438735,4.786740354,3.152022171
KLS2_M338_w,KLS2,8.557889279,8.865803009,5.175186099,3.506408723
KLS2_M339,KLS2,8.020999118,8.679149178,5.087328173,3.294691604
KLS2_M340,KLS2,8.365276227,8.730381622,5.07393478,3.289179569
KLS2_M341,KLS2,7.66893726,8.113426771,4.46831457,3.243738573
KLS2_M342_1l,KLS2,8.435079878,8.329246968,4.879151644,3.464677676
KLS2_M342_2l,KLS2,8.509131949,9.078925408,5.053808984,3.533456458
KLS2_M342_w,KLS2,8.601261123,8.97591833,5.13802096,3.374696632
KLS2_M343_l,KLS2,8.077679169,8.482318788,4.595398411,3.397539997
KLS2_M343_w,KLS2,8.274307672,8.591358694,5.006818616,3.334875321
KLS2_M344,KLS2,8.101112892,8.422044232,4.695732323,3.355694181
KLS2_M345,KLS2,7.224905417,7.421616903,4.240115071,2.952670846
KLS2_M346,KLS2,8.205750006,8.450873891,4.788771375,3.333963898
KLS2_M347,KLS2,8.192833592,8.516472242,4.880220746,3.512867173
KLS2_M348,KLS2,8.397815613,8.808792918,4.871388671,3.214115387
KLS2_M350,KLS2,8.175957233,8.938396162,5.14761476,3.332881694
KLS2_M351,KLS2,7.790843424,8.221734136,4.752458226,3.310551586
KLS2_M351_l,KLS2,7.926932338,8.355835644,4.682793719,3.461504714
KLS2_M352_l,KLS2,7.850439996,8.363653325,4.882047168,3.199780907
KLS2_M352_w,KLS2,8.044713307,8.5660978,5.068028726,3.508112582
KLS2_M353,KLS2,8.274267008,8.693597141,NA,3.183050656
KLS2_M354,KLS2,7.909304046,8.268192859,4.425174958,3.389438472
KLS2_M355,KLS2,8.209267748,8.712596629,4.898535606,3.260329137
KLS2_M356,KLS2,7.690402934,8.40608102,4.464176621,3.111887155
KLS2_M356.2,KLS2,8.345917387,8.861714409,5.10058432,3.377302587
KLS2_M357,KLS2,7.905010728,8.597352587,4.935329053,3.493073372
KLS2_M359,KLS2,8.272751069,8.691279542,4.810282744,3.325875387
KLS2_M360,KLS2,8.136932387,8.386382544,4.824729546,3.349947225
NNP1_A410.2,NNP1,NA,NA,NA,3.5617219
NNP1_A890,NNP1,8.678619412,8.839214984,5.25717976,3.593484274
NNP1_A925,NNP1,9.481354932,9.384615075,5.649394451,3.904979166
NNP1_A927,NNP1,8.268509397,8.184741695,4.904897335,3.381123389
NNP1_A928,NNP1,8.289373638,8.606133261,4.764650522,3.311140843
NNP1_A944,NNP1,9.106883452,9.402231593,5.462766509,3.77494498
NNP1_A955,NNP1,9.421475652,9.689040425,5.853654238,4.222483464
NNP1_A973,NNP1,9.335907353,9.430542776,5.685257037,3.755746002
NNP1_A983_l,NNP1,9.002808347,NA,NA,NA
NNP1_A983_l,NNP1,NA,9.611818022,5.390664101,3.867102772
NNP1_A984,NNP1,8.659329125,8.742398296,5.008173525,3.553759713
NNP1_A985,NNP1,8.961859541,9.151879742,5.331325363,3.867771011
NNP1_A986,NNP1,8.946318738,9.357271167,5.480878623,3.431342495
NNP1_A987,NNP1,9.117008693,8.898451865,5.701516025,3.688967965
NNP1_M402,NNP1,8.671484376,NA,NA,NA
NNP1_M402,NNP1,NA,9.33202087,5.393948919,3.615797461
NNP1_M410.1,NNP1,8.367609262,NA,NA,NA
NNP1_M410.1,NNP1,NA,8.97673233,5.321953841,3.735756855
NNP1_M414.1,NNP1,8.806249084,NA,NA,NA
NNP1_M414.1,NNP1,NA,9.609510138,5.471470219,3.861605862
NNP1_M422,NNP1,NA,9.456665527,5.286940344,3.784904346
NNP1_M423,NNP1,NA,8.935174159,5.025535088,3.790888373
NNP1_M426,NNP1,8.231466405,NA,NA,NA
NNP1_M426,NNP1,NA,8.198566117,5.076764914,3.40072487
NNP1_M427,NNP1,NA,8.980979697,4.955150509,3.594998627
NNP1_M542,NNP1,8.810876325,NA,NA,NA
NNP1_M542,NNP1,NA,9.409494858,5.227456673,3.726252673
NNP1_M547,NNP1,9.29534898,NA,NA,NA
NNP1_M547,NNP1,NA,9.585831665,5.570881956,4.016144041
NNP1_M345,NNP1,8.277474076,8.142350841,5.070357321,3.225106295
NNP1_M401,NNP1,7.968709439,8.12105902,4.739601261,3.220398462
NNP1_M403,NNP1,7.878980183,8.234305035,4.788584433,3.090440785
NNP1_M405,NNP1,8.626925697,8.840663309,5.071812994,3.608637612
NNP1_M406,NNP1,8.831261913,9.224856794,5.476825039,3.63889869
NNP1_M409,NNP1,8.972300564,9.003863521,5.17309152,3.667444855
NNP1_M410.2,NNP1,8.301868968,8.853224366,4.719918578,NA
NNP1_M411,NNP1,8.665271218,8.824560667,5.063261682,3.445155379
NNP1_M412,NNP1,8.237926279,8.438472069,4.904000916,3.433600358
NNP1_M413,NNP1,8.417537987,8.952538284,5.272366241,3.524844695
NNP1_M414.2,NNP1,8.593269443,9.017608586,5.182054115,4.062099148
NNP1_M418,NNP1,8.74704427,9.168546948,5.507841664,3.704342951
NNP1_M419,NNP1,8.068282472,8.975852987,4.94686716,3.503588556
NNP1_M420,NNP1,8.476780433,9.060687213,4.969997953,3.498779558
NNP1_M424,NNP1,8.893685499,8.939193333,5.297746028,3.419384556
NNP1_M430,NNP1,7.95755193,8.606854009,5.103886627,3.330831963
NNP1_M431,NNP1,8.308454874,8.931981494,4.992954561,3.454669131
NNP1_M433,NNP1,8.95583685,9.220220376,5.243715938,3.43683355
NNP1_M434,NNP1,9.159814942,9.468198311,5.362596304,3.747161605
NNP1_M438,NNP1,8.490544925,8.512928828,4.998925385,3.379799217
NNP1_M439,NNP1,8.865412384,8.816185581,5.341959601,3.879640464
NNP1_M440,NNP1,8.926311125,8.719686791,5.211651399,3.493655698
NNP1_M442,NNP1,8.557771371,9.139009284,5.078886404,3.73141204
NNP1_M443,NNP1,8.722435429,9.233475053,5.442498289,3.251663299
NNP1_M445,NNP1,8.554374162,8.998351829,5.099758094,3.473107995
NNP1_M448,NNP1,8.288303575,8.697290554,5.06757432,3.431904816
NNP1_M449,NNP1,9.003258211,8.889295934,5.186760446,3.610251862
NNP1_M450,NNP1,8.029725986,8.403792904,4.845911434,3.128450346
NNP1_M460,NNP1,7.985660418,8.791958776,4.880589712,3.421165819
NNP1_M464,NNP1,8.36715707,8.602058362,5.006149983,3.499201705
NNP1_M465,NNP1,8.278283153,8.74642304,4.82166756,3.265452681
NNP1_M467,NNP1,7.714314929,7.436752542,4.619130447,3.17894771
NNP1_M468,NNP1,8.163837828,8.544648384,4.907033859,3.332819175
NNP1_M474,NNP1,8.545631881,8.976152401,5.372405412,3.41682662
NNP1_M475,NNP1,8.744944472,9.045328698,5.270722127,3.654989801
NNP1_M476,NNP1,8.499854549,8.944692171,5.10038374,3.454572961
NNP1_M478,NNP1,8.083500327,8.867243148,5.069779167,3.494098342
NNP1_M487_l,NNP1,8.120605533,8.377580613,4.811452747,3.432810244
NNP1_M487_w,NNP1,8.941024742,9.485152813,5.371325128,3.66756669
NNP1_M489,NNP1,8.706553639,8.92539465,5.248534835,3.593884975
NNP1_M491,NNP1,8.256234508,8.716720867,5.053030142,3.600943321
NNP1_M494,NNP1,8.505188878,8.993907549,5.105957904,3.389908611
NNP1_M497,NNP1,8.801552573,9.367265647,5.231575497,3.873298764
NNP1_M498,NNP1,8.93547796,9.520796925,5.265734919,3.697359999
NNP1_M499,NNP1,8.050067242,8.430353534,5.196717165,3.599712526
NNP1_M501,NNP1,9.341936284,9.698644017,5.877320089,3.922089271
NNP1_M503,NNP1,8.443557185,8.934415931,5.15843655,3.652226331
NNP1_M504,NNP1,8.745436268,9.083782323,5.444227036,3.676837219
NNP1_M505,NNP1,8.838296085,9.304001813,5.187363895,3.401524026
NNP1_M511,NNP1,8.256769104,8.404729757,4.579414938,3.32585926
NNP1_M511,NNP1,8.256769104,8.404729757,4.579414938,3.32585926
NNP1_M511,NNP1,8.256769104,8.404729757,4.809957452,3.32585926
NNP1_M511,NNP1,8.256769104,8.404729757,4.809957452,3.32585926
NNP1_M512,NNP1,8.630281648,9.206655254,5.087129144,3.366937604
NNP1_M515,NNP1,9.52835955,9.778185397,6.260995691,4.289210949
NNP1_M517,NNP1,8.381898604,8.903155854,5.444327963,3.798053316
NNP1_M518,NNP1,8.42882877,8.837881191,5.108972664,3.501670488
NNP1_519,NNP1,8.390978592,9.01248961,5.172800459,3.514925579
NNP1_522,NNP1,8.748246859,8.943823527,4.96034772,3.343239036
NNP1_523,NNP1,8.48889779,8.500334786,4.645890634,3.275036383
NNP1_524,NNP1,7.981110118,8.345428403,4.909347748,3.436233398
NNP1_527,NNP1,8.77956432,9.060273943,5.334492406,3.829811595
NNP1_529,NNP1,8.991563547,9.347146305,5.41469519,3.58396831
NNP1_532,NNP1,9.374328297,9.174262248,5.551923688,3.671271678
NNP1_533,NNP1,9.189796616,9.728813925,5.802122403,3.920683727
NNP1_534,NNP1,9.426270163,9.181761533,5.441594354,3.836119067
NNP1_535,NNP1,8.882107181,9.124711597,5.228757228,3.591014664
NNP1_536,NNP1,9.148875004,9.218918463,5.518351479,3.720344958
NNP1_537,NNP1,9.039453805,9.382237534,5.354529627,3.741632914
NNP1_538,NNP1,8.878879093,9.358705243,5.409518162,3.906627233
NNP1_539,NNP1,8.341389075,8.372063306,5.002923793,3.495973435
NNP1_540,NNP1,9.017347092,9.278852148,5.451903243,3.65404291
NNP1_541,NNP1,9.12210566,9.290876617,5.382772305,3.765851513
NNP2_A1000,NNP2,8.456486342,8.493136971,4.820661193,3.517454301
NNP2_A1001,NNP2,9.314175407,9.759358347,5.492509781,3.705908955
NNP2_A1002,NNP2,9.447894276,9.608199931,5.497505855,3.915518519
NNP2_A1003,NNP2,9.467477473,9.785950594,5.666320497,3.853518298
NNP2_A1004,NNP2,9.387761909,9.339512344,5.404172764,3.904224366
NNP2_A1005,NNP2,8.231179779,8.560495235,4.871403457,3.392765725
NNP2_A1007,NNP2,9.090086983,9.041583491,5.531955125,3.679963973
NNP2_A100x,NNP2,8.698348531,8.855603024,4.977657475,NA
NNP2_A1010,NNP2,8.773915993,9.325361441,5.336035835,3.674266017
NNP2_A1013_w,NNP2,9.032681503,9.470214468,5.426502612,3.748977336
NNP2_A1014,NNP2,10.19543875,10.39047984,5.983666994,4.019979192
NNP2_A1017,NNP2,NA,8.980617713,5.279749117,3.500277795
NNP2_A1018,NNP2,8.725344441,8.907103917,4.84213199,3.462803911
NNP2_A1020,NNP2,8.354139409,8.51140784,4.845533405,3.187314908
NNP2_A1022,NNP2,8.964915603,9.323873662,5.325083026,3.833106406
NNP2_A31,NNP2,8.464214663,8.74364293,5.026465585,3.386147833
NNP2_A407,NNP2,8.725380704,8.772026954,5.096262869,3.439348784
NNP2_A408,NNP2,8.296236893,8.643105286,4.7627603,3.463870254
NNP2_A425,NNP2,9.582231311,9.475471156,5.604753302,3.879800092
NNP2_A428,NNP2,8.256626334,8.570477401,5.16528016,3.453439948
NNP2_A800,NNP2,8.424739155,8.665411397,5.198632353,3.601783008
NNP2_A802,NNP2,8.75402675,9.304969575,5.752924332,NA
NNP2_A808,NNP2,8.777309558,8.874147618,5.491373629,3.643991772
NNP2_A811,NNP2,9.404669567,9.869533924,5.925544112,4.036129231
NNP2_A814,NNP2,8.228007565,8.388084725,4.723579933,3.208964347
NNP2_A816,NNP2,9.269134887,9.30369636,5.407451843,3.63231069
NNP2_A817,NNP2,8.175058403,8.553132901,4.980157204,3.382749053
NNP2_A818,NNP2,9.389307415,9.490314135,5.790414403,3.65063342
NNP2_A820,NNP2,9.044331277,9.703425319,5.738737283,3.793528006
NNP2_A822.1,NNP2,8.625379986,8.857467399,5.341786914,3.630150902
NNP2_A822.2,NNP2,9.020553902,9.355878506,5.500074826,3.704588773
NNP2_A825,NNP2,8.777513581,8.787449676,5.054049586,3.530974602
NNP2_A833,NNP2,8.28319321,8.666240314,5.032777202,3.432560921
NNP2_A835.1,NNP2,9.354960681,9.272039632,5.631175254,3.873124123
NNP2_A835.2,NNP2,9.146546585,9.657946033,5.589258081,3.88220108
NNP2_A837,NNP2,9.381714876,9.394968878,5.35440707,3.70218412
NNP2_A839,NNP2,8.846084073,8.994948655,5.497232205,3.755653603
NNP2_A845,NNP2,9.384881675,9.383179338,5.787854921,4.012636517
NNP2_A847,NNP2,8.540541398,8.998766614,4.947135479,3.476983243
NNP2_A848,NNP2,9.086564272,8.983668836,5.379409561,3.518948096
NNP2_A849,NNP2,9.790326826,9.759725884,5.770866027,3.918114678
NNP2_A850,NNP2,9.28929355,9.400234928,5.589172429,3.915031665
NNP2_A852,NNP2,8.466906281,8.572392533,4.901195675,3.540355723
NNP2_A853,NNP2,9.321929876,9.502776801,5.391705068,3.855517635
NNP2_A857,NNP2,9.337870787,9.635501149,5.811261807,3.9849509
NNP2_A864,NNP2,8.695434969,8.672696658,5.286300621,3.784158828
NNP2_A865,NNP2,9.083985028,9.362311517,5.427702913,3.679687879
NNP2_A866,NNP2,9.307803316,9.643883516,5.422624074,3.832672611
NNP2_A867,NNP2,8.866067493,8.659865553,4.966312112,3.516833894
NNP2_A868,NNP2,9.06266817,9.068806593,5.364432274,3.787655133
NNP2_A869,NNP2,8.920776216,9.246468026,5.390237807,3.711063229
NNP2_A872,NNP2,8.509532853,8.779721353,5.176555096,3.42813642
NNP2_A875,NNP2,8.958704445,9.162727392,5.339480288,3.913312505
NNP2_A879,NNP2,8.931925377,8.812673355,5.362277775,3.763232442
NNP2_A882,NNP2,9.271438721,9.450870892,5.387662873,3.984280391
NNP2_A883,NNP2,8.27533864,8.161009234,4.574332047,3.085731449
NNP2_A886,NNP2,8.564882386,9.01947404,5.211440237,3.448162999
NNP2_A887,NNP2,8.85295466,9.293524953,5.275652544,3.754484626
NNP2_A888,NNP2,8.534384041,8.687810713,5.173006387,3.639712552
NNP2_A894,NNP2,9.166086627,9.369238947,5.414065242,3.785346368
NNP2_A895,NNP2,8.832620966,9.242172952,5.209749441,3.856273773
NNP2_A898,NNP2,7.868782904,7.810122529,4.621129702,3.250334079
NNP2_A900,NNP2,8.10523764,9.038898519,4.972236859,3.630653108
NNP2_A909,NNP2,8.462885221,9.089899526,5.187589278,3.754538685
NNP2_A911,NNP2,9.083501622,8.891443836,5.044219953,3.494554843
NNP2_A912,NNP2,9.083864901,9.433535288,5.491585692,3.870262602
NNP2_A913,NNP2,8.823066155,8.583096018,5.067189526,3.336922106
NNP2_A914,NNP2,8.544474973,8.838036402,5.297497993,3.827002484
NNP2_A915,NNP2,8.503282161,8.759379415,5.090491926,3.400690263
NNP2_A917,NNP2,8.945273104,8.876072958,5.296856923,3.514351059
NNP2_A918,NNP2,9.842345561,9.599105035,5.68771653,3.548910711
NNP2_A926,NNP2,8.214289052,8.626216238,4.685317623,3.127841849
NNP2_A929,NNP2,7.771581983,8.19955729,4.75129833,3.317836937
NNP2_A930,NNP2,8.756478405,9.109117111,5.294550255,3.620849079
NNP2_A932,NNP2,8.405772179,9.09327875,5.286677253,3.614695768
NNP2_A933,NNP2,8.622173391,9.121517715,5.40231392,3.567344771
NNP2_A934,NNP2,8.869719193,9.251000861,5.54079237,3.956573266
NNP2_A936,NNP2,8.449921194,9.141362079,5.284161779,3.4435322
NNP2_A941,NNP2,8.831553078,9.068071836,5.315743517,3.801392605
NNP2_A942,NNP2,8.920777643,9.040569395,5.502616979,4.033740851
NNP2_A943,NNP2,8.853909315,9.098231316,5.030232896,3.427315211
NNP2_A945,NNP2,NA,9.136101649,5.073666271,3.722065852
NNP2_A949,NNP2,9.179657685,9.179798501,5.483462762,3.934014852
NNP2_A952,NNP2,8.652473073,8.836981308,4.808675418,3.440616758
NNP2_A954,NNP2,8.151960036,8.386337775,4.907139333,3.281338745
NNP2_A956,NNP2,10.24824521,10.06773738,6.123027941,3.894366625
NNP2_A957,NNP2,8.601205495,9.154623999,5.143225742,3.695098721
NNP2_A966,NNP2,8.601838379,8.794028086,5.312674199,3.591200337
NNP2_A976,NNP2,8.624868505,9.299230746,5.209160881,NA
NNP2_A979,NNP2,8.939118096,9.181586413,5.262944914,3.729912816
NNP2_A980,NNP2,9.382244937,9.474088528,5.256487918,3.819980011
NNP2_A982_w,NNP2,9.542958776,9.836132471,5.707032898,4.07122435
NNP2_A992,NNP2,8.653013781,8.823507897,5.205329146,3.569164627
NNP2_A993,NNP2,9.128085964,9.601911847,5.4416005,3.850433369
NNP2_A994,NNP2,8.995852039,9.449585566,5.516484617,3.848473903
NNP2_A996,NNP2,8.17753245,9.000538142,5.372507783,3.768121124
NNP2_A997,NNP2,8.764288025,8.717548091,5.159793515,3.78080095
NNPG_GROEN2,NNPG,8.745025308,8.930259408,5.184152228,3.66586021
NNPG_GROEN3,NNPG,8.957883164,8.946721022,5.315774682,3.782525249
NNPG_GROEN4,NNPG,9.091589422,9.218800597,5.494222933,3.607697699
NNPG_GROEN5,NNPG,8.29864845,8.365763774,NA,NA
NNPG_GROEN6,NNPG,8.561293881,9.354400736,5.623759121,3.807455799
NNPG_GROEN7,NNPG,8.944562063,8.762417432,5.203409106,3.540996092
NNPG_J302,NNPG,9.40682322,9.102555861,5.53678445,4.117902031
NNPG_J303,NNPG,9.074743485,9.1073187,5.138578921,3.512700207
NNPG_J304,NNPG,8.647338971,8.662756691,5.000934479,3.467948876
NNPG_J307,NNPG,9.245547938,9.103774047,5.43236741,4.122712892
NNPG_J308,NNPG,7.741115105,7.90356086,4.846759385,3.194760874
NNPG_J310,NNPG,9.391953961,9.306189999,5.729205883,3.986976367
NNPG_J315,NNPG,9.152986971,9.244926147,5.354112221,3.826120652
NNPG_J318,NNPG,8.450082709,8.58831552,5.122583289,3.507377759
NNPG_J320,NNPG,8.671050215,9.040048666,5.369181491,3.777128007
NNPG_J322,NNPG,8.745890313,8.836896117,5.242997297,3.582313671
NNPG_J323,NNPG,7.573279539,7.850570788,4.458989541,3.024346607
NNPG_J324,NNPG,8.468987809,8.195852709,5.019121956,3.500089283
NNPG_J328,NNPG,8.913373934,8.857973812,5.28436434,3.634845329
NNPG_J329,NNPG,8.735346459,8.471159245,5.058245177,3.705064643
NNPG_J330,NNPG,8.23994755,7.964995204,4.935695462,3.400052068
NNPG_J334,NNPG,9.275181641,9.128692296,5.3997426,3.875282618
NNPG_J340,NNPG,9.057301454,9.16724763,5.220812653,3.625279356
NNPG_J343,NNPG,8.231834175,8.287736373,4.826369582,3.214370249
NNPG_J346,NNPG,7.935291671,8.108258869,4.864447226,3.177137766
NNPG_J362,NNPG,8.968277425,9.073455188,5.434370056,3.623653484
NNPG_J364,NNPG,8.717540257,8.474506898,4.882833737,3.355625648
NNPG_J365,NNPG,8.465345163,8.202699486,NA,NA
NNPG_J373,NNPG,8.898451076,8.981697693,5.370859072,3.699219264
NNPG_J376,NNPG,8.443416019,8.332943367,4.66212272,3.597840878
NNPG_J382,NNPG,9.340621221,9.407855832,5.685529618,3.710408014
NNPG_J383,NNPG,9.423963113,9.37695434,5.503922855,3.921069406
NNPG_J387,NNPG,8.072551143,8.314066235,4.817475944,3.251670419
NNPG_J389,NNPG,8.196445572,8.075178925,4.600703886,3.159488538
NNPG_J390,NNPG,8.781969872,8.634707836,5.209254707,3.623414631
NNPG_J391,NNPG,8.88067445,9.164058172,5.490339899,3.939312826
NNPG_J394,NNPG,8.773853939,8.812703567,5.218112212,3.827387925
NNPG_J395,NNPG,8.885306085,9.071490454,5.514396289,NA
NNPG_J399,NNPG,8.013206754,7.794360647,4.518618435,3.298180193
NNPG_J404,NNPG,8.981576026,8.7557467,5.048141313,3.567969914
NNPG_J405,NNPG,9.05502176,8.914706748,5.169130633,3.714412264
NNPG_J407,NNPG,9.0446117,9.012896338,5.412076709,3.689350404
NNPG_J411,NNPG,8.756923682,9.153176971,5.493081984,3.907538394
NNPG_M718,NNPG,8.467665861,8.933907976,5.267238424,3.742631258
NNPG_M720,NNPG,8.384851118,8.753746891,5.199518365,3.729873194
NNPG_M721,NNPG,8.371840737,8.391865975,4.921392504,3.508810632
NNPG_M722,NNPG,8.951500522,9.095390911,5.288925585,3.857727592
NNPG_M724,NNPG,8.259570184,8.893856223,5.092807473,3.633097565
NNPG_M726_l,NNPG,8.776060961,8.757940794,5.343086601,3.532728217
NNPG_M727_w,NNPG,8.761292321,8.713352328,5.147458692,3.93924661
NNPG_M728,NNPG,8.497536829,8.875046472,5.048830981,3.437617015
NNPG_M731_l,NNPG,8.525301272,8.858442127,4.949406193,3.20086146
NNPG_M732_w,NNPG,8.586315364,8.63571651,5.282827338,3.607527422
NNPG_M736,NNPG,8.626654149,8.455140716,4.933122882,3.134739194
NNPG_M737,NNPG,8.314776293,8.273209742,5.003961105,3.541700407
NNPG_M739_l,NNPG,NA,9.104976221,5.262675344,3.620986975
NNPG_M740_w,NNPG,8.578869175,8.560343736,4.869730464,3.406438607
NNPG_M741,NNPG,8.502810441,8.288278156,5.140100552,3.503246793
NNPG_M742,NNPG,8.73243499,8.703205329,5.160924059,3.400415323
NNPG_M743,NNPG,8.234193459,8.381497903,4.860737234,3.358501471
NNPG_M744,NNPG,8.850988019,8.91691768,5.23073952,3.670281468
NNPG_M747,NNPG,8.797670126,8.75314421,5.090212011,3.590015967
NNPG_M748,NNPG,8.922884626,8.809881872,5.494739012,3.646630032
NNPG_M749,NNPG,8.193893365,8.488836335,4.723896385,3.085893381
NNPG_M751,NNPG,8.944023148,8.850721864,5.277455005,3.53045002
NNPG_M755,NNPG,8.792753909,8.96139721,5.437888085,3.998522191
NNPG_M756,NNPG,8.956513262,9.25068494,5.227009434,3.592892876
NNPG_M757,NNPG,8.846235345,8.736436397,5.385159747,3.755919696
NNPG_M758,NNPG,9.117408443,9.2619819,5.282543346,3.668456027
NNPG_M762,NNPG,8.777994012,8.990863292,5.279602216,3.543840279
NNPG_M763,NNPG,9.278824327,9.360322288,5.458969381,3.699665057
NNPG_M764,NNPG,7.901485622,8.234093175,4.789570363,3.208541054
NNPG_M765,NNPG,8.372631155,8.668325034,4.965820011,3.216903369
NNPG_M766,NNPG,8.851423441,9.022737315,5.158464353,3.537800069
NNPG_M767,NNPG,8.93127769,8.943104907,5.165096536,3.648089972
NNPG_M769,NNPG,9.255211041,9.430631964,5.571436413,3.90711553
NNPG_M770,NNPG,7.596994269,7.981573706,4.84884145,3.365296191
NNPG_M771,NNPG,8.759493596,8.917148367,NA,NA
NNPG_M772,NNPG,8.910600617,9.040736704,5.153649485,3.503009203
NNPG_M773,NNPG,8.610173327,8.762539763,5.06136241,3.407191575
NNPG_M777,NNPG,8.641171397,8.72493824,4.946357887,3.497044339
NNPG_M778,NNPG,8.601176065,8.622141706,5.197409885,3.712019276
NNPG_M779,NNPG,8.931958166,9.136647943,5.331873858,3.797801656
NNPG_M781,NNPG,8.708678645,8.818831686,4.988065644,3.284338009
NNPG_M782,NNPG,8.401942122,8.604073604,4.978145719,3.456612499
NNPG_M783,NNPG,9.132297121,8.918693395,5.234639931,3.800818951
NNPG_M784,NNPG,8.160918973,8.069140356,4.668703196,3.173166533
NNPG_M785,NNPG,8.420097149,8.54887328,5.188261203,3.277936176
NNPG_UNLABELLED,NNPG,8.751725551,8.871459903,5.309159833,3.651326098
VDRP_A819,VDRP,8.03308213,8.23695982,4.774603051,3.526427274
VDRP_T154#T754,VDRP,8.387821546,8.891739063,4.970397465,3.449539483
VDRP_T711,VDRP,8.420396849,8.828781856,4.664443722,2.813025077
VDRP_t712,VDRP,8.455168737,9.028912588,5.232548012,3.619198508
VDRP_T713,VDRP,8.125162814,8.631200132,5.119203799,3.319261886
VDRP_T72#,VDRP,8.364693301,8.627601017,4.955285277,3.285726402
VDRP_T723,VDRP,8.261475653,8.67784088,5.055819928,3.479219814
VDRP_T726,VDRP,8.0218496,8.50386802,4.967139716,3.155469291
VDRP_T732,VDRP,8.66963459,9.071437198,5.376553334,3.429582822
VDRP_T736,VDRP,7.713788308,8.250557625,4.847160352,3.247925167
VDRP_T737,VDRP,8.140443084,8.447397653,4.998801623,3.285178515
VDRP_T740,VDRP,8.591210839,9.148753241,5.288017144,3.640149732
VDRP_T749,VDRP,8.655506708,9.086194604,5.236755526,3.390390977
VDRP_T750,VDRP,9.157342121,9.349143084,5.347610362,3.631598873
VDRP_T755,VDRP,7.697869078,8.403668242,4.741842297,3.21680213
VDRP_T759,VDRP,8.23845354,8.752429685,5.114955865,3.402172833
VDRP_T760,VDRP,8.277530668,8.784207141,5.171503739,3.536836096
VDRP_T764,VDRP,7.968002731,8.523086678,5.019412652,3.191967574
VDRP_T769,VDRP,8.000921171,8.43854857,4.996692053,3.325105861
VDRP_T771,VDRP,8.486507058,8.854140466,5.308924687,3.416338612
VDRP_T773,VDRP,8.179241864,NA,4.967555512,3.407399609
VDRP_T779,VDRP,8.422969985,8.875286247,4.839652871,3.513816528
VDRP_T783,VDRP,7.86767007,8.090461311,4.915051007,2.599396288
VDRP_T800,VDRP,8.230691104,8.59827037,4.918479453,3.47808784
VDRP_T801,VDRP,7.883564567,8.425456465,4.711936892,3.557753158
VDRP_T802,VDRP,8.093033072,8.900856058,5.102616355,3.507840232
VDRP_T803,VDRP,8.938763784,9.758974031,5.350405787,3.502941789
VDRP_T806,VDRP,8.201872508,8.321928023,NA,NA
VDRP_T807,VDRP,8.107351819,8.819345875,5.037805433,3.40665756
VDRP_T808,VDRP,8.06449022,8.747214724,4.911531235,3.581511438
VDRP_T810,VDRP,8.495649378,9.115176631,5.290028434,3.530388268
VDRP_T811,VDRP,8.500668334,9.149383508,5.406263747,3.535196617
VDRP_T812,VDRP,8.054826114,8.530261076,4.861594187,3.433114173
VDRP_T813,VDRP,7.933089954,8.637356912,4.812580025,3.215839966
VDRP_T814,VDRP,7.946745411,8.372386433,4.835463865,3.19899685
VDRP_T815,VDRP,8.870076132,9.31126259,5.193796328,3.503301645
VDRP_V1,VDRP,7.946011595,8.649010317,4.895600862,3.462382118
VDRP_V100,VDRP,8.656462811,9.364267689,5.154610653,3.440080304
VDRP_V101,VDRP,8.189511395,8.717835442,4.95028438,3.404649525
VDRP_V106,VDRP,7.966342442,8.652845752,5.138676589,3.499266876
VDRP_V108,VDRP,8.652494524,8.558176985,4.910727471,3.078448067
VDRP_V109,VDRP,NA,9.188494423,5.047775575,3.217765806
VDRP_V113,VDRP,8.645749022,9.318240476,5.289827257,3.628550715
VDRP_V115,VDRP,8.319333608,8.875719999,5.265707366,3.57819578
VDRP_V116,VDRP,8.142317289,8.8636475,5.031220402,3.590587836
VDRP_V117,VDRP,8.298893766,9.061230773,5.090404855,3.464203871
VDRP_V126,VDRP,8.527698369,8.887329693,4.762307718,3.538236645
VDRP_V127,VDRP,7.726941707,8.366299166,4.760194018,3.143438655
VDRP_V129,VDRP,8.1724837,8.602315524,5.062492068,3.291313156
VDRP_V13,VDRP,8.87090154,9.12873651,5.383070124,3.580783595
VDRP_V131,VDRP,8.433270736,9.087301526,4.989968017,NA
VDRP_V132,VDRP,7.478986836,7.739718142,4.608452381,3.071480973
VDRP_V133,VDRP,8.117253252,8.388770993,4.740081898,3.38157657
VDRP_V134,VDRP,8.21920903,8.574249095,4.725015153,3.325383431
VDRP_V18,VDRP,8.342218781,9.074616263,5.462539757,3.494310919
VDRP_V2,VDRP,8.250880507,8.554660137,4.80446042,3.586798754
VDRP_V200,VDRP,8.343807422,8.794650912,4.844760585,3.190445982
VDRP_V201,VDRP,8.154317634,8.802955356,5.053176553,3.234661377
VDRP_V202,VDRP,8.446055467,9.075828421,5.556719918,3.473570921
VDRP_V203,VDRP,8.112392351,8.487869532,5.117325944,3.221201747
VDRP_V207,VDRP,7.797390046,8.350878612,5.013192018,3.520231354
VDRP_V208,VDRP,8.733934054,9.415301229,5.227171002,3.831173631
VDRP_V217,VDRP,8.441302586,8.930331393,4.879943899,3.3034387
VDRP_V22,VDRP,7.876056487,8.53674324,4.770294033,3.06552621
VDRP_V220,VDRP,8.083404905,8.463004815,4.97203905,3.374245185
VDRP_V223,VDRP,9.081282212,9.996253039,5.510234921,3.626377834
VDRP_V226,VDRP,8.195151746,8.841371358,5.061275859,3.486367422
VDRP_V227,VDRP,7.581845272,9.245635414,5.310239484,3.765211263
VDRP_V228,VDRP,8.488387586,9.2607729,5.270623648,3.474503471
VDRP_V229,VDRP,8.587981062,9.186327557,5.111643838,3.541623597
VDRP_V232,VDRP,8.225905164,8.698725588,4.790740159,3.344959219
VDRP_V233,VDRP,8.217623348,8.744667015,4.764225099,3.216978696
VDRP_V234,VDRP,8.508971056,9.271281693,5.240163475,3.499384201
VDRP_V235,VDRP,8.371968176,9.191044046,5.071407452,3.589234054
VDRP_V237,VDRP,8.12763757,8.524913874,4.821341742,3.278882591
VDRP_V238,VDRP,8.169304186,8.728337983,4.997117142,3.341346135
VDRP_V27,VDRP,8.071929104,8.980587078,5.155776835,3.408392832
VDRP_V28,VDRP,8.403762462,8.982926427,5.213376016,3.623626757
VDRP_V30,VDRP,8.994177233,9.452276633,5.387058361,3.700754279
VDRP_V36,VDRP,8.097126672,8.619089389,4.82292047,3.285597219
VDRP_V37,VDRP,8.549006927,8.985049714,5.371027475,3.482015503
VDRP_V40,VDRP,8.583499177,8.752953462,4.982510943,3.313448481
VDRP_V50,VDRP,8.050080088,8.537104158,4.650158025,3.306174818
VDRP_V54,VDRP,8.409557636,8.65658459,4.829845325,NA
VDRP_V55,VDRP,7.997425314,8.642625973,4.719302007,3.183920082
VDRP_V60,VDRP,8.162559161,8.387653404,4.769467624,3.330159871
VDRP_V62,VDRP,8.042748183,8.682812384,5.096831466,3.557596434
VDRP_V7,VDRP,8.603054268,9.467786812,5.443770566,3.657925738
VDRP_V73,VDRP,7.996050933,8.708283674,4.696969224,3.152361373
VDRP_V77,VDRP,7.94873592,8.373415416,4.604618221,3.035894057
VDRP_V79,VDRP,8.03182305,8.578603034,4.917995301,3.45384574
VDRP_V82,VDRP,8.081474591,8.732679785,5.118067878,3.249188869
VDRP_V85,VDRP,8.088083334,8.579914411,4.914795832,3.100438048
VDRP_V89.1,VDRP,8.133622653,8.611988319,4.562950682,3.100710343
VDRP_V92,VDRP,8.782881982,9.519014474,5.586417998,4.117115778
VDRP_V92,VDRP,NA,8.503184143,4.817418768,3.41234033
VDRP_V97,VDRP,7.833057344,8.719098749,4.319240735,3.081132261
